CountryName,2004,2005,2006,2007,2008,2009,2010,2011,2012,2013,2014,2015,2016,2017
Aruba,7.911564672,1.214348832,1.050606636,1.800225854,-0.090707754,-10.51974761,-3.685029581,3.44605475,-1.369863014,4.198232323,0.84822781,-0.450585761,-0.211225106,1.330511037
Afghanistan,1.41411798,11.22971484,5.357403248,13.82631954,3.924983823,21.39052841,14.36244146,0.426354793,12.75228708,5.600744661,2.724543365,1.451314655,2.260314205,2.665292046
Angola,10.95286177,15.02891532,11.54768318,14.01001824,11.16613833,0.858712615,4.859219584,3.471981372,8.542147337,4.954590478,4.822625549,0.943575613,-2.58009724,-0.147207426
Albania,5.509998693,5.529914809,5.900083957,5.979982036,7.49996956,3.350067393,3.706891433,2.545322651,1.417524408,1.001988709,1.774486771,2.21875146,3.314804753,3.821081417
Andorra,7.64786979,7.396982715,4.536353119,0.040011067,-8.590003787,-3.69065351,-5.358825775,-4.646543052,-1.615218183,0.351645002,2.277683153,0.842203518,1.889124387,1.724022237
Arab World,9.310814055,5.748228831,6.497500807,4.574124951,5.822453363,0.426422635,4.768836619,3.62959887,6.658109668,3.168556916,2.439528417,3.306346262,3.372624384,0.832435499
United Arab Emirates,9.566436637,4.855141196,9.837319773,3.184390174,3.191836276,-5.242921907,1.602809961,6.930271629,4.484626085,5.053345825,4.284303689,5.105936984,3.060964305,0.490860761
Argentina,9.029573301,8.85165992,8.0471515,9.007650875,4.057233103,-5.918525076,10.12539816,6.003951693,-1.026420454,2.405323781,-2.512615321,2.731159828,-2.080327844,2.668590379
Armenia,10.46784186,13.86571125,13.19800352,13.74920196,6.900000002,-14.14998864,2.199999998,4.699999999,7.200000004,3.3,3.600000001,3.199999999,0.2,7.500000002
American Samoa,0.538358008,-0.401606426,-4.166666667,1.963534362,-2.613480055,-4.237288136,0.442477876,0.293685756,-4.39238653,-2.756508423,0.94488189,1.404056162,-2.769230769,-5.85443038
Antigua and Barbuda,5.736460188,6.412405164,12.72850745,9.25942056,-0.030133268,-12.10753619,-7.574357218,-1.958612628,3.3728662,-0.600876397,3.795727613,3.825293099,5.497788456,3.145543603
Australia,4.055551874,3.204160122,2.794583316,3.844309553,3.657912651,1.93692177,2.067465677,2.462786173,3.918161772,2.584875111,2.533115447,2.192640028,2.770656693,2.367617253
Austria,2.735120222,2.244065325,3.454041836,3.727415301,1.460423676,-3.764578178,1.837093677,2.922797284,0.680445577,0.025504712,0.661272849,1.014501586,2.082608428,2.476443921
Azerbaijan,9.253801326,27.96153807,34.46620936,25.46321591,10.59143729,9.369502784,4.78883271,-1.572997621,2.202939023,5.84267327,2.797289382,1.050750982,-3.064200035,-0.282011197
Burundi,4.833657768,0.900000001,5.413807145,3.45195249,4.861712995,3.812746937,5.124163303,4.032602496,4.446708222,4.924195261,4.240651644,-3.900003086,-0.600020001,0.500009999
Belgium,3.571192891,2.32173738,2.552353767,3.676918241,0.446916545,-2.020725816,2.864285327,1.694497446,0.739229905,0.45922805,1.57852323,2.032788973,1.511106034,1.964192755
Benin,4.429629024,1.711577628,3.947013747,5.986515522,4.889898637,2.32930121,2.110199297,2.962750351,4.816478241,7.189716312,6.351831941,2.095808383,3.96485991,5.837823305
Burkina Faso,4.478474349,8.661861605,6.253158604,5.655005118,7.29449815,2.962014371,5.373373126,6.626865192,6.452698755,5.792589317,4.326837357,3.894548057,5.906024993,6.34991812
Bangladesh,5.23953291,6.535944941,6.671904981,7.058599357,6.013789759,5.045124794,5.571802274,6.46438388,6.521435078,6.013610365,6.061059359,6.552652796,7.113489474,7.284184092
Bulgaria,6.435358323,7.123511076,6.874358379,7.344421909,6.021883402,-3.586145625,1.324087801,1.914905853,0.030969869,0.493921421,1.837521148,3.471186041,3.936758149,3.811248158
Bahrain,6.980960594,6.768997871,6.467000122,8.293960448,6.241836482,2.540515119,4.336776264,1.983515012,3.728209851,5.416834514,4.350294067,2.863047304,3.473516575,3.803522262
"Bahamas, The",0.88283993,3.395355597,2.516849119,1.446544635,-2.323966973,-4.175260401,1.538777407,0.612897452,3.086879177,-2.952095607,0.736540805,0.5975763,0.446254968,0.066664463
Bosnia and Herzegovina,6.09996678,8.7592567,5.417269684,5.855584939,5.4267266,-3.002752537,0.767248702,0.908249218,-0.699622321,2.351036504,1.148034196,3.088222848,3.145651329,2.127645789
Belarus,11.44974311,9.400001524,9.999994812,8.600006536,10.19999944,0.19999531,7.798266823,5.37870745,1.687135536,1.003470841,1.726384854,-3.829570558,-2.526446436,2.5321835
Belize,4.648087296,2.578008809,4.58160037,1.105586127,3.228855669,0.670801477,3.383471706,2.162606822,2.937812628,0.851934628,3.692371465,3.431950484,-0.58802365,1.437288946
Bolivia,4.173294318,4.421434767,4.797009171,4.564382752,6.148497195,3.357001259,4.126719369,5.204095947,5.122274661,6.796011706,5.460567154,4.857188015,4.263919504,4.195209367
Brazil,5.759964639,3.20213138,3.961988722,6.069870608,5.094195447,-0.125811999,7.52822583,3.974425406,1.921150318,3.004865355,0.50396179,-3.545871574,-3.305358252,1.063832555
Barbados,1.411598635,3.955457604,5.668377594,1.858500528,0.912295252,-4.859256215,-2.170391966,-0.794701987,-0.066755674,-1.369405478,-0.169319336,2.204884668,2.279013165,-0.173066522
Brunei Darussalam,0.504318253,0.387507208,4.397719678,0.154581812,-1.939714638,-1.764535541,2.598965746,3.745318352,0.912841671,-2.126028517,-2.34974675,-0.566814609,-2.465514923,1.328602552
Bhutan,5.896408192,7.12255965,6.849365932,17.92582494,4.768354226,6.657223796,11.73085436,7.890913893,5.071709815,2.142496554,5.745455168,6.644564258,8.022101221,4.629101391
Botswana,2.705821737,4.556645657,8.363871069,8.276763793,6.245437363,-7.652310203,8.563631748,6.048316367,4.456167213,11.34342425,4.149289893,-1.697965616,4.303737457,2.907531122
Central African Republic,5.994884228,0.908210515,4.77108543,4.607534855,2.054130962,8.587260426,4.630818432,4.194615337,5.053761254,-36.3919771,0.081070515,4.33712103,4.750316841,4.527278213
Canada,3.91402875,4.995860902,4.165817612,6.868608858,1.007622675,-2.928400179,3.089494641,3.146881364,1.762278244,2.330174773,2.868453971,0.689906522,1.107099385,2.978565954
Central Europe and the Baltics,5.816693393,4.972913874,6.589856804,6.419462419,3.91383746,-3.45012363,1.59599612,3.230668304,0.761745531,1.259778578,3.041185839,3.908287794,3.050636943,4.79903515
Switzerland,2.776296688,3.115201917,3.988722816,4.111767748,2.154744118,-2.222111937,3.002798245,1.69275218,1.006077812,1.852035453,2.449179525,1.333388501,1.722649108,1.799476694
Chile,7.209539709,5.742830489,6.317176343,4.905324504,3.529530553,-1.564239443,5.844177296,6.110918829,5.318628,4.045004298,1.766739784,2.303767036,1.670540173,1.279183341
China,10.11122346,11.39577594,12.71947902,14.23138804,9.654289373,9.399813171,10.63614046,9.55091409,7.859627493,7.768615284,7.299518921,6.90531667,6.736675253,6.757007611
Cote d'Ivoire,1.23177284,1.721247367,1.515842364,1.765036784,2.542841476,3.251453719,2.017638592,-4.387254788,10.7065041,8.889421302,8.79407739,8.84285995,7.971751186,7.702089422
Cameroon,6.780955924,2.020662307,3.457668793,4.902201732,3.488800919,2.198664102,3.422507641,4.129277161,4.543265016,5.40426571,5.884059327,5.651463744,4.648481551,3.549087318
"Congo, Dem. Rep.",6.738373933,6.135151155,5.320979565,6.259477764,6.225894269,2.85506401,7.107976576,6.87467089,7.086898947,8.481956636,9.470288097,6.91618781,2.399379098,3.726947653
"Congo, Rep.",3.476631623,7.755758978,6.235997013,-1.58222275,5.572233235,7.468942484,8.751601459,3.420665681,3.799971313,3.440705249,6.779916158,2.646485877,-2.800018788,-3.1
Colombia,5.333022067,4.706556009,6.779405342,6.848654785,3.257048465,1.205422095,4.347553268,7.362530914,3.903054219,4.566869773,4.728312246,2.955945907,2.087382502,1.351326676
Comoros,1.919659807,2.83754787,2.646955476,0.800042349,3.999971991,3.200113112,3.799933455,4.099846955,3.200272903,4.499874215,2.100006438,1.116140583,3.320680025,3.815702113
Cabo Verde,10.19707261,6.912457988,7.983750447,15.17068797,6.650520523,-1.270425968,1.466790097,3.968886345,1.081918279,0.802797601,0.611212666,1.006863707,4.705791509,3.702039188
Costa Rica,4.336574811,3.870873326,7.237732745,8.16789615,4.649598233,-0.970548313,4.951863844,4.30710166,4.796919919,2.2690274,3.515338564,3.631731442,4.245989878,3.397181701
Caribbean small states,3.964389755,3.718199634,6.80767702,3.235471286,1.294787232,-3.62792622,1.250290775,1.01790352,1.270686755,0.778487477,0.49330215,1.180209608,-1.651455047,-0.193581552
Cuba,5.77053807,11.20165642,12.06586311,7.262136966,4.116828042,1.451305431,2.390352297,2.802300836,3.014900289,2.747602563,1.047576632,4.438141959,0.513761468,1.809054399
Curacao,0.208461863,0.676426257,1.63593427,2.469962305,2.188044622,-0.53130945,0.08230596,0.612608577,-0.138917069,-0.794106769,-1.138838621,0.278694931,-0.986569701,-1.73976542
Cayman Islands,0.900002177,6.499997678,4.599999989,3.162625227,-0.357401201,-7.200482447,-2.715635262,1.169062198,1.229753657,1.27933102,2.654527985,2.833122226,3.096282182,3.039349203
Cyprus,5.026343926,4.853003838,4.713828666,5.098068453,3.646811991,-2.015262359,2.014695707,0.401437941,-3.446822086,-6.553078255,-1.863739818,3.374687062,6.746583679,4.361228837
Czech Republic,4.906563763,6.533468805,6.853522334,5.602643684,2.682282726,-4.802572092,2.273420054,1.777833186,-0.799844281,-0.483671042,2.715116133,5.309238518,2.450542386,4.35260352
Germany,1.1899149,0.721853765,3.814587905,2.984077273,0.962266442,-5.697151628,4.178969038,3.924133418,0.41955108,0.428243262,2.225688749,1.739749823,2.229999967,2.465030029
Dominica,3.050694695,0.65623311,4.658759483,6.353759422,7.120741901,-1.169757154,0.672542759,-0.22367684,-1.058786064,-0.999781098,4.447947365,-2.691108924,2.556494913,-6.79942797
Denmark,2.668219291,2.336641325,3.913007941,0.909238959,-0.512016735,-4.906547729,1.87099111,1.336777778,0.226499797,0.933340957,1.619393817,2.34259043,3.245957666,2.036165206
Dominican Republic,2.570134279,9.428236947,9.174355406,7.415951712,3.209504264,0.94615517,8.339651056,3.133423005,2.7173679,4.875205089,7.05046369,6.927018774,6.659200262,4.666704676
Algeria,4.3,5.9,1.7,3.4,2.4,1.6,3.6,2.9,3.4,2.8,3.8,3.7,3.2,1.3
East Asia & Pacific (excluding high income),8.935501182,9.71506314,10.77973578,12.15342153,8.432427757,7.694499905,9.776616957,8.468349516,7.508684888,7.201030923,6.759310644,6.509981299,6.375060811,6.471301191
Early-demographic dividend,6.71262236,6.11778443,6.163818218,5.867152214,3.461072963,0.631662327,6.168476833,4.966815472,4.235538156,4.298651873,4.006131588,4.195225463,3.961125905,4.095201822
East Asia & Pacific,5.166698806,5.044896402,5.543898306,6.460221323,3.52452374,1.375817596,7.051549004,4.611257722,4.689786496,4.75565239,4.141683305,4.141112985,4.057325585,4.591922496
Europe & Central Asia (excluding high income),8.393881845,7.262501077,8.163651446,7.692924705,4.423591912,-5.920861066,5.074638427,6.039694256,3.700003282,4.038719523,2.240814378,0.836003816,1.755043904,4.039172052
Europe & Central Asia,3.249585121,2.777560167,3.975694389,3.679037691,1.03311593,-4.437010049,2.62924107,2.39944435,0.293112991,0.901828663,1.831859075,2.047392529,1.94012948,2.758171485
Ecuador,8.211020917,5.291308267,4.403526434,2.190063972,6.3571306,0.566491592,3.525298669,7.868140919,5.641962067,4.946511267,3.788868549,0.098872608,-1.226383985,2.368386526
"Egypt, Arab Rep.",4.092071612,4.471744469,6.843838197,7.087827427,7.156283564,4.6735998,5.147234859,1.764571949,2.226199797,2.185466055,2.915911879,4.372019079,4.346643453,4.181221001
Euro area,2.303659863,1.685575019,3.226905406,2.997519351,0.421095192,-4.501257151,2.133539103,1.686520553,-0.892157629,-0.252894811,1.401016227,2.113835385,1.91021306,2.542169155
Spain,3.122795242,3.652032674,4.102727115,3.604687971,0.887145182,-3.763231927,0.163010231,-0.814373455,-2.959441302,-1.435394259,1.383907943,3.83517266,3.03130133,2.891768107
Estonia,6.767456671,9.490296798,9.718759243,7.57358092,-5.088942211,-14.43386864,2.706902753,7.441584819,3.110234555,1.346187836,2.987325819,1.84488518,2.631567906,5.748802092
Ethiopia,13.57260314,11.81876595,10.83472707,11.456167,10.78852169,8.802553198,12.55053835,11.17829623,8.647811633,10.58227005,10.25749296,10.39246302,9.433482658,9.503858571
European Union,2.568771631,2.114781078,3.388603914,3.048951736,0.515608296,-4.315447798,2.168118829,1.791123977,-0.422809861,0.264743448,1.738959159,2.352837328,2.039217766,2.597720526
Fragile and conflict affected situations,14.02795576,6.621852624,6.860562509,5.437499978,5.517676194,4.626409775,6.594050772,-5.419554529,12.38056154,3.84411474,1.09020852,2.230698493,5.8940447,2.765788317
Finland,3.992337748,2.779621087,4.027450768,5.299005385,0.784016801,-8.074615574,3.185911569,2.547530321,-1.39735454,-0.902018494,-0.364940286,0.560595415,2.627998449,3.05128111
Fiji,5.299999705,0.700000402,1.852483872,-0.85065431,1.03279422,-1.386037708,2.954672422,2.705143029,1.411314382,4.73421949,5.603514887,4.663807838,2.509785497,5.425740314
France,2.829752929,1.66322,2.449323601,2.424736238,0.254945946,-2.873313852,1.949437633,2.192700652,0.313134742,0.576326679,0.956183048,1.112912341,1.095464395,2.260202721
"Micronesia, Fed. Sts.",-3.080138821,2.041841687,-0.081029682,-1.836175096,-2.408525619,1.093130091,2.259373637,3.188555315,-1.866790542,-3.679786534,-2.305778627,4.621898281,0.900187187,2.682178867
Gabon,0.689543058,2.676203333,-2.806578356,6.008108025,-3.308430649,0.13033112,7.089887315,7.091753343,5.251076918,5.638699003,4.314964441,3.878899395,2.091442208,0.479762271
United Kingdom,2.373951441,3.179728924,2.788324559,2.430553212,-0.28115359,-4.247821747,1.949521482,1.540147368,1.478923947,2.139485701,2.607475906,2.355524306,1.918155106,1.892077038
Georgia,5.794496419,9.58957388,9.419770997,12.57895276,2.418572208,-3.650513994,6.249487789,7.4,6.4,3.6,4.4,3,2.9,4.8
Ghana,5.599999989,5.900003916,6.399912502,4.346819164,9.149798975,4.844486998,7.899711889,14.04712363,9.292789405,7.312525007,2.897438837,2.178206744,3.447792991,8.143446549
Guinea,2.340117313,2.997272562,1.180140446,6.827474427,4.133009508,-1.122641858,4.813362961,5.61210719,5.915288139,3.945685431,3.696541182,3.825922386,10.82062122,10.30000083
"Gambia, The",7.049999934,-2.351729362,-0.555580977,3.043249508,6.255905534,6.665724308,5.90833581,-8.130444223,5.241569246,2.87276879,-1.407382495,4.058073804,1.943359655,4.822611249
Guinea-Bissau,2.76140199,4.266098931,2.309357998,3.262955456,3.203567307,3.368974958,4.6109709,8.084779734,-1.712683012,3.255904265,0.964560751,6.134082941,6.262805638,5.919176626
Equatorial Guinea,37.99872686,16.74870061,7.704917607,15.28211392,17.79910913,1.343356288,-8.924175889,6.52392363,8.312871844,-4.133198501,0.415066302,-9.110041149,-8.816417232,-4.685683868
Greece,5.06099261,0.59914208,5.652433669,3.273746904,-0.335172577,-4.300733661,-5.479037102,-9.13249413,-7.300493961,-3.241425056,0.739777139,-0.437833938,-0.190952296,1.505099339
Grenada,-0.647450316,13.27306387,-3.992680103,6.123450947,0.947542625,-6.613281348,-0.511262754,0.764976824,-1.155143735,2.351418773,7.344076522,6.443143733,3.735614132,4.459048241
Greenland,6.906582837,4.987491771,5.555694901,2.352437981,6.166132702,0.865952329,1.735825059,-0.496519392,1.39419336,-1.298280693,4.742135673,-2.529318024,4.68195411,0.468546638
Guatemala,3.152081716,3.260112105,5.379776807,6.304053671,3.28107984,0.526042983,2.869487756,4.16204894,2.969857401,3.697585601,4.174169137,4.140044358,3.092482558,2.760334857
Guam,6.431014823,3.535461753,-3.828642384,0.81773187,1.728922092,0.314729333,2.091612633,0.12292563,2.025782689,1.825110309,1.733307071,0.464666021,0.289073039,0.24980784
Guyana,1.563352113,-1.950957583,5.129609339,7.019640482,1.976647054,3.552158264,4.13856435,5.196059258,5.276422643,5.017724952,3.898243206,3.05486454,3.363216124,2.100003391
High income,3.314556932,2.860421965,3.131652151,2.789494414,0.383327004,-3.319027588,2.962967969,1.858678015,1.281768594,1.439831825,2.026101924,2.330355715,1.713476258,2.302777126
"Hong Kong SAR, China",8.700141788,7.388242886,7.032564571,6.46472784,2.127908789,-2.459075001,6.76759015,4.814695863,1.700285359,3.101558647,2.762396425,2.387770814,2.176398369,3.84949281
Honduras,6.232302961,6.050599222,6.567243552,6.188327167,4.23160011,-2.43162788,3.731140344,3.835690662,4.128687749,2.791559757,3.058080562,3.840079971,3.892972197,4.788026945
Heavily indebted poor countries (HIPC),5.558558698,6.022005953,6.169109938,6.549631592,6.063056105,4.252004229,5.892584135,4.508236613,5.709899865,5.755457913,5.539202883,4.910489555,4.634420164,5.115397997
Croatia,4.160382249,4.31400966,5.001054885,5.266381523,1.759531746,-7.359498022,-1.496259495,-0.309847287,-2.237705463,-0.548518694,-0.103868249,2.437139302,3.483525422,3.139195999
Haiti,-3.52288825,1.805011319,2.249221435,3.343278665,0.843944574,3.083247861,-3.12239443,5.523740015,2.892240172,4.247639994,2.776300137,1.224329778,1.452710152,1.17328004
Hungary,4.822851425,4.243625768,4.031013321,0.242177777,1.058291669,-6.699554727,0.664291825,1.819079958,-1.471788851,1.962984049,4.195082409,3.845557706,2.199998761,4.322809001
IBRD only,7.699532488,6.906969452,7.920879811,8.48631166,5.550649177,2.022673624,7.311064043,5.998632349,5.030928457,4.966623995,4.272410225,3.664052718,3.946365494,4.600682981
IDA & IBRD total,7.642213501,6.879881024,7.81758327,8.355195462,5.538218555,2.229417929,7.239259857,5.903360979,5.009266292,5.029774489,4.364361373,3.698303782,3.893837072,4.575492951
IDA total,6.840291528,6.497852181,6.355192942,6.471630276,5.356265661,5.229467148,6.229067874,4.549364003,4.696646847,5.944046261,5.683317597,4.183045361,3.150881719,4.216460734
IDA blend,7.70712954,6.391026933,6.025113899,5.861201352,4.42556395,5.715231261,6.24374515,5.001464341,4.531784131,5.823245241,5.80065289,3.908531289,1.576898025,2.743046051
Indonesia,5.030873945,5.692571304,5.500951785,6.345022227,6.0137036,4.628871183,6.223854181,6.169784208,6.030050653,5.557263689,5.006668426,4.8763223,5.033069183,5.067406366
IDA only,5.905486496,6.615013162,6.716447781,7.1353859,6.356236885,4.727929928,6.213771155,4.078050199,4.870599186,6.071095782,5.56020142,4.471740324,4.812095853,5.723532463
Isle of Man,5.199996153,5.900005219,7.700000963,7.457066814,4.699998522,2.099999803,3.399999672,2.00000146,3.199999724,4.499999713,5.000000801,-0.900000388,7.399999657,3.6
India,7.922936613,7.923430621,8.060732573,7.660815065,3.08669806,7.861888833,8.497584702,5.241344743,5.456358951,6.386106401,7.410227605,7.996253786,8.169526505,7.167888861
Ireland,6.721353321,5.700089237,5.070901037,5.32426724,-4.480383335,-5.079212673,1.809979744,0.343440795,0.225714843,1.351634004,8.556687985,25.16253305,3.677815811,8.145296156
"Iran, Islamic Rep.",4.374509277,3.189804087,4.999795262,8.155773524,0.250856553,1.007385458,5.797938302,2.645717918,-7.44455703,-0.194073471,4.60341888,-1.32064512,13.39624446,3.755187367
Iraq,54.15777429,4.400617409,10.15819912,1.377598148,8.228107104,3.379299094,6.402564845,7.5464712,13.93643017,7.6,0.7,2.477664617,15.21246273,-2.494642939
Iceland,8.042205296,6.330004312,5.248820117,9.365323116,1.991980805,-6.777215052,-3.435878078,1.881619487,1.296436091,4.133851101,2.080287196,4.467860506,7.351475308,4.603781375
Israel,4.185882318,3.911693332,5.564435107,5.773482555,2.996483061,0.924262605,5.601137671,4.783497489,2.257237548,4.148054552,3.75820019,2.290092123,3.982046375,3.536703188
Italy,1.423594158,0.817848974,1.790639681,1.48707298,-0.962012841,-5.280937208,1.713295839,0.707333347,-2.980905768,-1.841065451,-0.004547542,0.778304351,1.279671128,1.716167381
Jamaica,1.3237251,0.893797936,2.89912535,1.431954037,-0.811736703,-4.336650187,-1.466059299,1.730376267,-0.61363604,0.501560583,0.691478109,0.92268214,1.375638727,1.003365318
Jordan,8.567298292,8.146582942,8.09333143,8.175719103,7.232408413,5.476580856,2.311392415,2.586784416,2.651170748,2.82876664,3.096330347,2.391695959,2.003733625,2.115732889
Japan,2.204687882,1.662670405,1.420006556,1.654183881,-1.0935406,-5.416412797,4.191739259,-0.11542134,1.495089586,2.000267841,0.374719476,1.222921041,0.609093181,1.928757251
Kazakhstan,9.600000001,9.699999999,10.7,8.9,3.3,1.199999999,7.3,7.400000001,4.8,5.999999999,4.200000001,1.2,1.1,4.1
Kenya,5.104299776,5.906666082,6.472494299,6.850729771,0.232282746,3.306939815,8.405699224,6.10826372,4.563209131,5.878680567,5.357125644,5.718507131,5.8789493,4.862538223
Kyrgyz Republic,7.026859719,-0.175548229,3.102898691,8.542874896,8.401615957,2.8862947,-0.471566848,5.956274377,-0.2,10.9,4,3.9,4.3,4.7
Cambodia,10.34052878,13.25008691,10.77108367,10.21257391,6.691577475,0.086696959,5.963078575,7.069569946,7.313345505,7.356665149,7.142571101,7.036087179,7.030966776,7.01503011
Kiribati,-1.629360204,4.951631626,-0.049295323,2.034947265,-2.091436758,0.802751509,-0.923884657,1.594561102,4.713319136,4.214773912,-0.697828087,10.40540793,5.129750525,0.328439777
St. Kitts and Nevis,4.057900322,9.695234587,2.917701225,-0.051157672,6.487855449,-3.368477723,-2.93665042,1.828435302,-2.228012307,5.383690734,6.284804235,1.033704225,2.826378868,-1.977341942
"Korea, Rep.",4.89984045,3.923677392,5.176153818,5.463396393,2.829223173,0.707509946,6.496793586,3.681688569,2.292397846,2.896204935,3.341447761,2.790236167,2.929304795,3.062768462
Kuwait,10.24029806,10.60904498,7.514773,5.991575511,2.479756943,-7.076056431,-2.37055926,9.628436082,6.626388081,1.149038847,0.501132662,0.592763704,2.926121132,-4.712340346
Latin America & Caribbean (excluding high income),6.258679916,4.313157412,5.359583023,5.687807383,4.04039272,-1.920661854,6.011047717,4.407756861,2.697425436,2.73044398,0.964740407,-0.5417236,-1.69127274,0.677350739
Lao PDR,6.35769548,7.107568369,8.619266209,7.596828801,7.824902763,7.501774913,8.526905517,8.038652681,8.026098434,8.026300226,7.611963441,7.270065843,7.022836255,6.892530873
Lebanon,6.293775446,2.748394055,1.701433991,9.340929531,9.248842241,10.05447737,8.037249354,0.917698798,2.720151566,2.619160879,1.884285662,0.415030765,1.6055246,0.551994777
Liberia,2.619847686,5.281212071,8.043906248,9.535279869,7.145688998,5.300539377,6.099827602,8.20076584,7.993815693,8.704028066,0.701143912,0,-1.599584075,2.468626095
Libya,4.461629982,11.87072893,6.500547227,6.352316994,2.66735579,-0.790141832,5.021289739,-62.07591958,123.1395552,-13.59999997,-24.00000003,-8.862039363,-2.79546889,26.67587012
St. Lucia,7.267408929,-0.410303993,6.195256154,2.06781947,4.977063729,-1.454036303,0.303818186,4.139375889,-0.287670619,-1.974466829,1.338849057,0.234248586,3.146332373,2.550017764
Latin America & Caribbean,6.335512105,4.251778814,5.26776616,5.515967357,3.918384876,-1.881607344,5.841721969,4.387416982,2.784253925,2.753898198,1.001023158,-0.359275094,-1.462464435,0.690910003
Least developed countries: UN classification,6.901980987,8.226483999,7.792175523,8.394928119,7.158276115,4.5987099,6.247934911,3.79639356,4.948244537,5.730889345,5.438568571,4.056286395,3.831536693,4.810951841
Low income,6.255321249,6.535350329,5.638531823,6.428228463,6.037855002,5.207420982,6.974108199,3.496053488,3.48086483,6.074974249,5.782704988,2.916765143,3.428058787,4.87873752
Sri Lanka,5.445061278,6.241748045,7.6682919,6.796826119,5.950088145,3.538912053,8.015967371,8.404733021,9.144572246,3.39573265,4.960700592,5.007683305,4.486634531,3.419819189
Lower middle income,6.992506529,6.597069504,6.959371219,7.025552426,4.622583404,4.947359231,6.837096979,4.992690213,5.17561654,5.637323299,5.657618588,5.58914361,5.564788227,5.560170533
Low & middle income,7.729012104,7.005351034,7.894934161,8.438612119,5.595703957,2.298026162,7.36049603,5.933652537,5.098483539,5.128038337,4.419157892,3.71908801,3.936822505,4.603497321
Lesotho,1.692374206,3.466122481,4.230094854,4.832963734,6.739533599,2.154308341,6.42963961,6.630032868,5.899918124,2.155721303,2.817289494,2.71747593,3.218553361,-2.277240349
Late-demographic dividend,7.884840638,7.193644997,8.732374131,9.614778617,6.512915759,2.642390268,7.624152677,6.699825693,5.37784589,5.201307792,4.58948643,3.872168606,3.773265641,4.699006312
Lithuania,6.550083061,7.727407902,7.406444213,11.08695428,2.628077961,-14.81416316,1.482232441,6.025638091,3.833302764,3.558424631,3.507971217,2.033148074,2.555939567,4.247576754
Luxembourg,3.61217677,3.172442781,5.178485863,8.354553277,-1.279585581,-4.358606952,4.864968492,2.539234883,-0.352519229,3.654370259,4.29678635,4.306432538,4.574600283,1.801181703
Latvia,8.34135916,10.743382,11.88809669,10.01085145,-3.346367079,-14.23814673,-4.473441198,6.285118615,4.13423165,2.328004263,1.915190378,3.260524381,1.773809577,3.787313758
"Macao SAR, China",26.75553967,8.059504542,13.31416375,14.44762729,3.393868181,1.32131501,25.26350562,21.67270765,9.237314193,11.20009044,-1.201089674,-21.59453159,-0.718343471,9.887584069
Morocco,4.797018362,3.291639684,7.574631645,3.531594152,5.923277686,4.243757321,3.815717917,5.245697297,3.009961262,4.5354242,2.669493927,4.536378168,1.05985639,4.234850054
Monaco,2.470484448,1.895415281,5.803936536,14.42889902,0.666833993,-11.3,2.1,7,1,9.6,7.2,4.9,3.5,-3.4
Moldova,7.39999969,7.500000139,4.79999985,3.00000024,7.800000145,-6.000000289,7.100000084,5.818166405,-0.589734135,9.043865528,4.999625584,-0.338235296,4.408886743,4.690793428
Madagascar,5.257003604,4.602899965,5.022607002,6.240578451,6.712632542,-3.978708613,0.619239746,1.578427051,3.011148115,2.300376232,3.339203113,3.132298073,3.993146064,3.933307595
Maldives,6.033754049,-13.12905343,26.1114935,7.713867271,9.485332661,-7.228841465,7.265129068,8.566733531,2.517383942,7.281073979,7.329626203,2.88454853,6.338300636,6.803666022
Middle East & North Africa,7.989174643,5.066668441,6.034523601,5.172876143,4.499418806,0.49654191,5.052412772,3.678615983,3.893885992,2.691438089,2.897347558,2.486937469,4.919007702,1.481786538
Mexico,3.92059081,2.307807066,4.495077894,2.291445714,1.143584587,-5.285744137,5.118118143,3.66300793,3.642322679,1.354091962,2.804340128,3.287991599,2.910546459,2.118082347
Marshall Islands,0.949277964,2.28478911,0.66815941,2.769118673,-6.753094595,1.443806379,7.555390306,-0.75614346,-2.370339048,3.717627874,-0.939965317,1.591288446,1.306665887,4.056644584
Middle income,7.749847694,7.01190391,7.92625343,8.465925111,5.589809772,2.257006457,7.366100914,5.968882886,5.121144441,5.114979888,4.400182555,3.730401118,3.943785422,4.599749086
North Macedonia,4.67444497,4.723733083,5.137025162,6.473486858,5.47200139,-0.358614857,3.358750858,2.339886045,-0.455922696,2.924726568,3.629641308,3.855610302,2.848441461,0.240521014
Mali,1.559998661,6.534762657,4.66218688,3.493616811,4.773382727,4.6790657,5.413452222,3.240252913,-0.836178866,2.303584809,7.043356204,5.962581591,5.799999995,5.400000103
Malta,0.443412531,3.783652259,1.828716884,3.986448706,3.346512731,-2.462277722,3.542683214,1.307152749,2.79120546,4.610879115,8.706315221,10.81818001,5.675698854,6.724325981
Myanmar,13.56466162,13.56895002,13.07610138,11.99143524,10.25530539,10.5500091,9.634439452,5.591482378,7.332670447,8.426001025,7.990915597,6.99284029,5.862472915,6.758628824
Middle East & North Africa (excluding high income),8.012035571,4.538586551,5.493593717,6.104010322,3.528664577,2.552156128,5.266783609,-0.927726703,2.807976089,1.66709346,2.094613977,0.977211102,7.701688924,2.888166896
Montenegro,4.426052958,4.180601527,8.566419508,6.810099791,7.222789984,-5.795092859,2.734341541,3.228450387,-2.723768654,3.549013918,1.783682046,3.390420876,2.949338685,4.716464962
Mongolia,10.62540596,7.25366544,8.556234809,10.24801636,8.900367946,-1.268598941,6.365161685,17.29077758,12.31981985,11.64891619,7.885225482,2.379835807,1.168393456,5.337037933
Northern Mariana Islands,-3.118644068,-12.66620014,-6.891025641,-6.712564544,-11.0701107,-17.53112033,1.383647799,-7.692307692,0.537634409,2.406417112,3.785900783,3.522012579,28.31105711,25.56818182
Mozambique,7.92975086,6.637868812,9.702106773,7.731582341,7.289132316,6.31379491,6.488149646,7.403672678,7.258439253,6.963607135,7.398512797,6.72327878,3.824214319,3.741317593
Mauritania,5.747423475,8.969422365,18.86909945,2.817836627,1.079967229,-1.042081628,4.773697094,4.704066576,5.795078198,6.090258662,5.579878964,0.43458414,1.843634255,3.073258584
Mauritius,4.330019872,1.777543037,4.865544591,5.727016142,5.38696257,3.315076989,4.377203239,4.077538074,3.496118338,3.360406103,3.744575773,3.55307173,3.837932629,3.814152115
Malawi,5.420497694,3.268725828,4.699999992,9.600000003,7.639736774,8.328110276,6.874065635,4.854055109,1.885799507,5.199999998,5.700000004,2.799999999,2.484040626,4.000030517
Malaysia,6.783437734,5.332139149,5.584847072,6.29878593,4.831769887,-1.513528719,7.424847386,5.29391284,5.473454192,4.69372252,6.00672195,5.091515721,4.449755765,5.741829576
North America,3.80866961,3.645612965,2.975111335,2.335681706,-0.026074875,-2.575785252,2.612908888,1.704176311,2.199215423,1.888626748,2.493015433,2.664205581,1.522581812,2.290582414
Namibia,12.269548,2.529262728,7.073175228,5.374044222,2.649811967,0.2959709,6.039249546,5.091338198,5.061682013,5.614719701,6.351677961,6.086376114,1.123168844,-0.867877052
Niger,0.100000001,4.499999999,5.800000002,3.146570396,9.587695728,-0.71267743,8.36421953,2.283008487,11.84981918,5.268414897,7.529043068,4.337072369,4.925930933,4.893436692
Nigeria,9.250558228,6.438516525,6.059428031,6.591130361,6.764472778,8.036925102,8.005655915,5.307924204,4.230061175,6.671335393,6.309718656,2.652693295,-1.61686895,0.805886619
Nicaragua,5.312170527,4.282398312,4.152323187,5.075817499,3.435572996,-3.292815113,4.410481398,6.316709606,6.496747299,4.926792269,4.784525323,4.792731752,4.563542212,4.6757919
Netherlands,1.984945696,2.050876074,3.460989001,3.772842518,2.17032479,-3.666884025,1.342739444,1.551189252,-1.030354007,-0.130175229,1.42339541,1.959169691,2.191713719,2.910902584
Norway,3.96941456,2.625457626,2.399790821,2.994251851,0.476379999,-1.727020309,0.701833824,0.981469497,2.703073855,1.034072914,1.969544301,1.967128438,1.071558977,2.323258407
Nepal,4.682603245,3.479181046,3.364614788,3.411560276,6.104639142,4.53307872,4.81641465,3.421828241,4.781192258,4.128877676,5.988984661,3.322905439,0.588678499,8.223499488
New Zealand,4.03388787,3.321402945,2.843982311,3.01311169,-1.008893966,-0.213698243,1.539245616,2.334200273,2.225965504,2.575385988,3.715533071,3.584704514,3.645798978,3.128460789
OECD members,3.201783772,2.8146113,3.075415893,2.696652245,0.249338599,-3.467372895,2.91865623,1.817445542,1.261604196,1.47541547,2.036261299,2.418409285,1.743459517,2.470110208
Oman,1.292112564,2.49045836,5.372068299,4.452694304,8.199695813,6.112453761,4.804711285,-1.108745787,9.332675576,4.372615776,2.751031637,4.741250717,4.980170972,0.266797805
Other small states,9.544868973,6.096850077,10.97853119,9.902758007,7.523197425,1.85678299,8.357985997,7.599371654,3.554564668,2.890897808,2.873356019,2.903492164,2.432229122,2.223968093
Pakistan,7.368571359,7.667304271,6.177542036,4.832817277,1.701405465,2.831658519,1.606688629,2.748405917,3.50703342,4.396456633,4.674707981,4.731147475,5.526735845,5.554276757
Panama,7.522079658,7.191279402,8.652465611,11.98398539,9.855654852,1.242992318,5.827839392,11.31373175,9.778903946,6.903272566,5.066743218,5.732763632,4.966420444,5.321230184
Peru,4.958203206,6.285060325,7.528899044,8.518387769,9.126568301,1.095823659,8.332459107,6.327192402,6.139724706,5.852518211,2.382157372,3.252244772,3.953318715,2.518835442
Philippines,6.697623613,4.77766782,5.242960356,6.616662284,4.152756843,1.14833222,7.63226478,3.659751601,6.683818881,7.064024264,6.145298786,6.066548905,6.884055037,6.677553566
Palau,4.974689961,4.058148698,-1.494965682,1.342976008,-5.584784852,-6.258712711,0.288984328,4.865616251,1.841313621,-1.41418883,4.373413429,10.07512757,0.796679888,-3.517924715
Papua New Guinea,2.721175741,6.344795923,5.409943958,7.815189349,-0.296457696,6.800421281,10.1284541,1.107543597,4.657119635,3.824946266,13.54377062,9.483548563,4.077773638,3.537838983
Poland,5.135636173,3.493667637,6.179641346,7.034828301,4.249608503,2.820259759,3.606928261,5.0172352,1.607906645,1.391892321,3.318447537,3.839071339,3.063908116,4.937663245
Pre-demographic dividend,12.88862639,6.77681855,7.206937785,6.582392008,6.881243495,5.064370062,6.298283733,4.569072163,5.692376729,5.95055351,4.79880299,3.078247225,3.086084621,1.551410568
Puerto Rico,8.748676927,-1.986938733,-1.409414024,-1.16280669,-1.84413425,-1.952425142,-0.413254118,-0.358510628,0.02927511,-0.306826657,-1.190363454,-1.049443651,-1.263002925,-2.65739342
Portugal,1.788735745,0.781847554,1.625034412,2.506579989,0.319247504,-3.122079079,1.73762581,-1.696165744,-4.057293817,-0.922644348,0.792191109,1.792046276,2.019485117,3.506345458
Paraguay,4.057418364,2.133490665,4.807117193,5.421622872,6.359120793,-0.257971434,11.14373579,4.249111045,-0.538512943,8.417495285,4.860890371,3.080374008,4.31290497,4.958051422
West Bank and Gaza,10.34306987,10.79876211,-3.900597981,6.59059324,6.079293326,8.662535025,8.099089262,12.4136357,6.284235772,2.217422457,-0.181890997,3.428732254,4.708435256,3.14023678
Pacific island small states,3.919488482,2.252407003,2.488029513,1.308144243,1.831107649,-1.28787054,2.922925904,3.872346736,1.106296557,2.957804848,3.811361768,4.073696748,3.293138371,4.006069062
Post-demographic dividend,3.122645481,2.743851464,2.978152846,2.65241357,0.222663317,-3.481274694,2.828632776,1.597082434,1.121479885,1.337298888,1.868999755,2.108656606,1.642459664,2.309646212
Qatar,19.21891532,7.492758506,26.17024568,17.98565679,17.66355638,11.95656114,19.59233153,13.37517641,4.687259177,4.410274619,3.978882147,3.657510261,2.131310916,1.579850253
Romania,10.42811302,4.668148051,8.028811076,7.233807744,9.307467171,-5.517394408,-3.90123628,2.007156244,2.077165007,3.514551804,3.4108091,3.871522323,4.800799906,7.111440633
Russian Federation,7.19994787,6.399965448,8.200068255,8.499977768,5.199969265,-7.799993913,4.5,4.300029186,3.700057055,1.80000014,0.699973678,-2.307706889,0.329280658,1.630185732
Rwanda,7.447676379,9.377915927,10.72973965,7.633269256,11.16125645,6.248238534,7.334655197,7.958358401,8.641557937,4.719830067,6.164100614,8.867939164,5.981332722,6.116655837
South Asia,7.561854912,7.718532787,7.74483738,7.332297281,3.237691099,7.134032162,7.703421078,5.137558062,5.501942162,6.087500816,6.99255791,7.480317555,7.706871473,6.926782565
Saudi Arabia,7.958441664,5.573850121,2.788402228,1.847130252,6.249772755,-2.059268194,5.039493675,9.996857794,5.411444902,2.699254721,3.652481701,4.106408869,1.670624757,-0.741502652
Sudan,3.883307291,7.489738142,10.064308,11.52191003,7.801963334,3.241847572,3.469335093,-1.967728979,0.521559267,4.394711132,2.679411813,4.906045175,4.700000042,4.283071004
Senegal,5.870772213,5.622606856,2.461570254,4.938485083,4.056375727,2.092527084,3.56274539,1.458388671,5.117394237,2.82210565,6.613074742,6.367263427,6.356396792,7.082922291
Singapore,9.819526862,7.35903621,9.005188001,9.022116566,1.868212395,0.12100381,14.52564666,6.262267762,4.449315805,4.815045038,3.900573228,2.892499228,2.962327259,3.699781577
Solomon Islands,4.898370946,5.421193232,6.946649998,7.320001264,7.106270238,-4.738346526,6.809045009,13.19563215,4.555394769,3.017849554,2.250090947,2.542239607,3.2209476,3.693618195
Sierra Leone,6.59794486,4.505095672,4.223914279,8.058145152,5.39828521,3.188051216,5.346466052,6.315045036,15.18176908,20.71576829,4.556772366,-20.59877072,6.055474029,4.211182649
El Salvador,0.890786052,2.707467768,4.342895377,1.860579145,2.570846686,-2.086120492,2.104283203,3.817056396,2.815501822,2.232142857,1.710709945,2.398973133,2.50702399,2.306557031
San Marino,4.587155963,2.380952381,3.855569155,7.130229817,1.650165017,-12.82467532,-4.655493482,-9.440104167,-7.54852624,-3.032659409,-0.9,0.6,2.2,1.5
Serbia,9.046513062,10.15430578,5.107787883,6.43952754,5.655577865,-2.731753651,0.731043344,2.036275789,-0.681539139,2.892634162,-1.589509134,1.776324024,3.340332014,2.049304766
Sub-Saharan Africa (excluding high income),6.533180334,6.206542167,6.139632711,6.615885907,5.364064759,3.044091206,5.581162397,4.446132166,4.046876655,5.003320365,4.659037567,2.826280926,1.230901169,2.529799209
Sub-Saharan Africa,6.525670517,6.20858523,6.142079614,6.618824275,5.358058508,3.041041724,5.581426061,4.448567999,4.044836331,5.004043623,4.658926564,2.82779789,1.233311881,2.531170144
Small states,8.229193381,5.527289968,9.962768088,8.432596407,6.260092543,0.82840615,7.059474214,6.482214814,3.167832405,2.57621335,2.538549834,2.674040572,1.866912465,1.921993465
Sao Tome and Principe,3.832227084,7.093770448,9.115646545,3.253604914,8.186171817,2.426281345,6.67198532,4.398201685,3.141975852,4.814794386,6.5499331,3.798398936,4.172377734,3.871185947
Suriname,8.500000274,4.500000692,5.793543589,5.111487808,4.143406525,3.01369863,5.168825162,5.849367784,2.690350057,2.93344123,0.255503145,-3.411095864,-5.561193424,1.687083602
Slovak Republic,5.278880348,6.623461609,8.493176949,10.8320279,5.57488636,-5.455532237,5.720844799,2.864442948,1.895810812,0.670844582,2.752434331,4.821918506,2.123463221,3.04072834
Slovenia,4.359193036,3.797970491,5.746396934,6.980162428,3.509841226,-7.54843872,1.343748476,0.861329049,-2.639438729,-1.029283831,2.76815802,2.210081624,3.121699782,4.833382913
Sweden,4.326131277,2.895893562,4.60248861,3.430883908,-0.242293278,-4.236420514,6.189029435,3.052323529,-0.630974367,1.0878312,2.747287716,4.420799639,2.413038141,2.411851453
Eswatini,3.623914301,5.998776347,5.992166754,4.435375791,0.821663887,1.565048937,3.793754698,2.247230019,5.391309223,3.862271875,0.913196469,2.312465693,1.26829648,2.024962849
Seychelles,-2.850453659,9.005761428,9.40612788,10.42143611,-2.146892655,-1.105245793,5.954962469,7.887279597,1.260828834,6.018076825,4.504785244,4.937385619,4.503032666,4.332388099
Chad,33.62937185,17.33253374,0.648262014,3.271499579,3.052691532,4.217695552,13.55010086,0.082869798,8.882576072,5.700001363,6.899985045,2.767675685,-6.255527085,-2.988695986
East Asia & Pacific (IDA & IBRD countries),8.936598314,9.716234915,10.78112776,12.15414281,8.433063436,7.695165525,9.777122509,8.46886488,7.509363926,7.201447082,6.75958177,6.510313989,6.375400215,6.471667805
Europe & Central Asia (IDA & IBRD countries),7.874296055,6.716082125,7.853406999,7.565981138,4.353246883,-4.871824406,4.764966355,5.801178804,3.335318035,3.632127924,2.343168585,1.238421911,1.949088533,4.144555362
Togo,2.119065316,1.180406952,4.052412548,2.290453886,4.062252828,5.537910972,6.099259161,6.398199052,6.543507031,6.112343078,5.920588571,5.742868453,5.559079306,4.357413915
Thailand,6.289288549,4.187834924,4.967916824,5.43509257,1.725667908,-0.690733346,7.513590658,0.839959472,7.242786605,2.687379919,0.984414064,3.133896962,3.356488872,4.024085781
Tajikistan,10.37037376,6.644293718,7.048458927,7.760139303,7.910529533,3.89282113,6.520680751,7.400640543,7.486175224,7.400081256,6.705968168,6.008287872,6.872963797,7.617492691
Turkmenistan,5.000407438,13.03403487,10.97330833,11.05929947,14.7,6.100000115,9.199999988,14.69999993,11.09999996,10.2000001,10.29999997,6.49999991,6.199999966,6.500000047
Latin America & the Caribbean (IDA & IBRD countries),6.307185597,4.342727251,5.364731625,5.667810038,4.066514005,-1.899899153,6.046729136,4.523372641,2.849670041,2.828033922,1.039305606,-0.41304292,-1.503127684,0.733141366
Timor-Leste,64.08129419,35.88010245,41.67729234,5.265406203,9.923218296,-6.041630271,-1.172063132,11.45790791,5.023124781,-11.086221,-25.90717227,20.62560288,0.706713575,-9.153987748
Middle East & North Africa (IDA & IBRD countries),7.997729968,4.499333406,5.556048938,6.101065197,3.513155238,2.514080311,5.248076032,-1.01823439,2.781192961,1.662708893,2.112850252,0.958014158,7.725701591,2.886201364
Tonga,-0.351420004,1.582168376,-0.812222114,-4.165775722,3.099519869,2.290612704,3.585657371,2.785145889,0.890322581,-3.120603658,2.072607261,3.71184687,3.37947375,2.7
South Asia (IDA & IBRD),7.561854912,7.718532787,7.74483738,7.332297281,3.237691099,7.134032162,7.703421078,5.137558062,5.501942162,6.087500816,6.99255791,7.480317555,7.706871473,6.926782565
Sub-Saharan Africa (IDA & IBRD countries),6.525670517,6.20858523,6.142079614,6.618824275,5.358058508,3.041041724,5.581426061,4.448567999,4.044836331,5.004043623,4.658926564,2.82779789,1.233311881,2.531170144
Trinidad and Tobago,7.950051511,6.20893788,13.20805861,4.754209701,3.391737078,-4.391729247,3.32322471,-0.294354409,1.269964365,2.229074805,-0.912544969,1.823184697,-6.296446956,-2.312115621
Tunisia,6.235793869,3.486535815,5.244195185,6.709620392,4.237776836,3.043448955,3.510608639,-1.91717768,3.997674002,2.875523842,2.971398345,1.194541753,1.262528588,1.824675328
Turkey,9.644322585,9.009853307,7.109703427,5.03045759,0.845251454,-4.70446591,8.487372139,11.11349557,4.789940281,8.491309299,5.166690718,6.085886616,3.183831547,7.470866886
Tuvalu,-1.352181114,-3.779729962,2.138938329,6.350564875,7.983260905,-4.432851394,-2.729427912,7.515954206,-3.835748821,4.576823704,1.348012682,9.142893933,3.034723153,4.094017717
Tanzania,7.50381466,7.476319258,6.53222139,6.768535202,5.68641686,5.269105248,6.336523427,7.672155435,4.50015356,6.781585601,6.732461868,6.160628774,6.867116196,6.785680114
Uganda,6.807233344,6.332565116,10.78474439,8.412425966,8.708751901,6.801517348,5.637599803,9.391667749,3.837455606,3.586905826,5.106307324,5.187859863,4.781000291,3.863023757
Ukraine,12.10875517,2.997359032,7.439902401,7.593469649,2.304028779,-14.75854536,3.834387699,5.465531905,0.238681306,-0.026729649,-6.552618891,-9.772973947,2.440994738,2.466053452
Upper middle income,7.969219142,7.130977845,8.20240385,8.87258276,5.858251614,1.519047794,7.516105898,6.243945066,5.105976581,4.969435995,4.047585816,3.201127279,3.471526912,4.314281962
Uruguay,5.004160365,7.460132112,4.098577347,6.541510849,7.176144661,4.243494195,7.803409655,5.162133022,3.538178722,4.63753863,3.238791229,0.370741256,1.689798162,2.591338692
United States,3.798891127,3.513213797,2.854972292,1.876171458,-0.136579805,-2.536757066,2.563766559,1.550835506,2.249545852,1.842081071,2.451973035,2.880910466,1.56721517,2.21701033
Uzbekistan,7.449000605,6.950007197,7.451418476,9.473005305,9.029161017,8.050933328,7.597167961,7.784829533,7.375643784,7.584581465,7.179408857,7.447673769,6.094196403,4.461539733
St. Vincent and the Grenadines,4.15628429,2.488004855,7.688360969,3.342560091,1.584471793,-2.099061259,-3.35352589,-0.419351482,1.382420411,1.832791965,1.21403892,1.330275498,1.897440944,1.000357879
"Venezuela, RB",18.28660669,10.3179138,9.872149109,8.753578808,5.277854124,-3.202302657,-1.488791251,4.176425359,5.625956975,1.343094036,-3.894386475,-6.221371027,-17.0403346,-15.67140887
Virgin Islands (U.S.),2.939659618,3.632264529,3.625815809,4.03545603,0.941704036,-6.64149267,0.904116108,-8.158453195,-15.01925546,-5.83081571,-0.866217517,0.194174757,0.904392765,-1.696542894
Vietnam,7.536410612,7.547247727,6.977954812,7.129504484,5.661771208,5.397897543,6.423238217,6.240302749,5.247367156,5.421882991,5.983654637,6.679288789,6.210811668,6.81224566
Vanuatu,3.984754831,5.30285231,8.465159865,5.173513258,6.448521358,3.312815802,1.629081596,1.223225535,1.754749927,1.96914608,2.331006215,0.2,3.5,4.4
World,4.402954518,3.914924068,4.379507409,4.319258123,1.850561496,-1.678924932,4.298922592,3.132980919,2.507634092,2.65436272,2.833185684,2.80594404,2.481500646,3.108815417
Samoa,4.625001948,4.156492103,1.968807932,6.322641763,1.009086658,-4.8082722,0.479158713,4.173394085,-4.088722796,-0.41884506,0.078245449,4.272189487,8.054157728,1.015561822
Kosovo,2.612126758,6.033229748,4.503031756,7.286082986,2.642619224,3.597140955,3.308633011,4.377008308,2.809625684,3.441469102,1.222802578,4.095280929,4.070291964,4.226087389
"Yemen, Rep.",3.972696401,5.591748076,3.170409359,3.338427956,3.64756947,3.866229516,7.70230704,-12.7148969,2.392990209,4.823519067,-0.188690232,-16.67846313,-13.62145844,-5.942319504
South Africa,4.554552745,5.277056312,5.603797657,5.360475891,3.191046741,-1.538089334,3.039730814,3.284168142,2.213354808,2.4852005,1.846991604,1.193732801,0.39908793,1.414512626
Zambia,7.032395115,7.235599007,7.903694445,8.352436244,7.773895815,9.220348406,10.29820585,5.564624717,7.597616969,5.059376378,4.695826373,2.91988111,3.757177805,3.403168851
Zimbabwe,-5.807538055,-5.71108368,-3.461495192,-3.653326859,-17.66894629,12.01955993,19.67532314,14.19391296,16.66542877,1.989492762,2.376929327,1.779872703,0.755869251,4.704035348
