Country,2004,2005,2006,2007,2008,2009,2010,2011,2012,2013,2014
Afghanistan,1.143996358,1.267647242,1.408623132,1.460937575,2.147589912,2.617060398,2.939936558,3.755923312,2.984757176,2.751181713,2.637532569
Angola,5.590728406,4.568534589,4.151633624,3.612273135,3.435367756,3.64542774,3.697914144,3.695967555,3.857077991,3.615593683,3.646200582
Albania,4.517187374,4.275716533,3.958693064,3.568300331,3.442663378,3.409104943,3.256748236,3.322800967,2.941323617,3.382528489,3.158878953
Arab World,4.665360123,4.63517815,4.639898804,4.576168303,4.626237141,4.789952932,4.857751918,4.75768032,4.879788693,4.762683675,4.833810385
United Arab Emirates,4.327944637,4.388426055,4.148020195,4.363040043,5.002097827,5.335314939,5.401543554,5.354378162,5.324712688,5.220465415,5.268228526
Argentina,4.982357018,4.60310755,4.630748986,4.302810279,4.352851958,4.503318515,4.251181956,4.10057606,4.158853351,4.175141824,4.344156368
Armenia,6.253430401,6.586656314,5.925896372,5.808758548,5.721859565,5.79058511,5.390734123,5.630539878,5.745630912,5.430581129,5.347381268
Antigua and Barbuda,3.675154916,3.536519815,3.249176539,3.116334811,3.190453904,3.828721889,4.181389362,4.184252305,4.137797271,4.152174587,4.011551141
Australia,6.149718709,6.001137337,6.068309792,6.049090187,6.048628654,5.9604191,5.863813454,5.759660434,5.488347892,5.346124565,5.150979283
Austria,4.156259043,4.176705531,4.054619163,3.86861903,3.833557613,3.763536484,3.9477968,3.729968116,3.685536048,3.726138543,3.555638114
Azerbaijan,10.01398588,8.319654598,6.096061348,4.462594036,4.431084492,3.62863822,3.358711178,3.639166761,3.88132061,3.719211335,3.762405728
Burundi,15.10539889,15.12467038,14.65311171,14.24473314,13.79717926,13.51131993,13.30081653,13.04384721,7.931523954,7.958483564,7.826447063
Belgium,6.019947749,5.889367817,5.695156695,5.413183527,5.535094703,5.440103234,5.698716746,5.213626749,4.983873047,5.164315523,4.782440467
Benin,7.653724135,7.551457437,8.572005956,8.793371797,8.569375631,8.78718414,9.142017246,9.12302419,9.031233378,8.831967482,8.615622669
Burkina Faso,5.952552277,6.877003536,6.93912579,7.028742614,6.984991906,6.84565604,6.438594833,6.273846712,6.172139832,6.271369012,5.949926311
Bangladesh,3.537152982,3.447571281,3.462797908,3.37923653,3.345618172,3.350706506,3.437324786,3.34942384,3.299577589,3.178493909,3.129437284
Bulgaria,8.719116575,8.589515595,8.272861592,7.555034851,7.055255267,6.497586047,6.629887109,7.02259481,6.689322713,6.086377139,6.35695483
Bahrain,10.43621219,11.22353106,11.29334147,10.91217067,11.13421668,10.54594465,10.44919913,10.23701359,9.79422095,10.13882683,9.922769246
"Bahamas, The",2.999904553,3.01412853,2.821683474,2.844703351,2.566425474,2.969592083,2.937502917,3.26212884,3.388623521,4.739870953,4.027368648
Bosnia and Herzegovina,7.039119158,6.78290436,6.768848282,6.406969454,6.826908516,7.330364068,7.583267144,8.285172225,7.823043819,7.377198592,8.753814155
Belarus,11.70003338,10.68391185,10.33864288,9.32464601,8.473414519,8.02913469,7.732634899,7.811359369,7.980433311,7.061407831,6.832916452
Belize,5.083488943,4.884491878,5.124873401,5.050241209,4.594280816,5.355450921,5.056885358,5.445119933,4.694368437,4.848994519,4.529278834
Bermuda,2.258872356,2.215343624,2.362224749,2.735172715,2.382565825,1.840572882,2.308201796,1.757345064,2.038060826,1.945814721,2.298463362
Bolivia,4.859962609,5.076154077,6.062453788,4.723708253,4.732881215,4.769875997,4.990109225,5.009193571,5.478374723,5.157519266,5.167152493
Brazil,3.947738677,3.92159461,3.903329868,3.88866755,3.906363882,3.783438938,3.890559644,3.802765057,3.892953569,3.939832051,4.043844382
Barbados,4.327609866,4.324925453,4.172277376,4.105815187,4.87143963,5.129654304,4.738612744,4.683021406,4.560375586,4.470882929,3.877799352
Brunei Darussalam,3.525559043,3.391455174,4.616059019,4.719663684,5.283453305,4.619480474,4.794746667,5.540701162,5.427937907,4.388223656,4.749922448
Bhutan,16.83079261,16.21435454,15.50684475,13.73789061,13.6392183,13.20037747,12.55109166,11.75942347,11.56007434,11.64543574,11.06016415
Botswana,3.68296313,3.635083611,3.466821619,3.308913126,3.295927451,3.329069208,3.356478198,3.040764484,3.30144105,3.178144034,3.295525765
Central African Republic,6.528961416,6.483504121,6.32636172,6.057809276,5.947499609,5.84661294,5.705791049,5.589503201,5.468985607,8.733695375,8.86589517
Canada,8.923653206,8.69429228,8.373036595,8.25717246,8.245778296,8.176821239,8.012111495,7.968375106,7.738906899,7.661600544,7.647191113
Central Europe and the Baltics,6.308600518,6.087421483,5.854930542,5.490246154,5.284224007,5.113646857,5.221508709,5.055878658,4.874794621,4.693390226,4.454592184
Switzerland,2.963374229,2.859747563,2.870579249,2.621101093,2.663215546,2.741257189,2.586760908,2.460109773,2.456806363,2.51924697,2.260459146
Chile,4.381532265,4.279382091,4.266401146,4.208015603,4.034863536,3.968721052,3.921228151,4.03659434,4.237429395,4.238278689,3.768751083
China,10.35599738,10.28130878,9.974489413,9.446755652,8.888790121,8.693872841,8.679178537,8.502319501,8.190299441,7.851333803,7.104220001
Cote d'Ivoire,8.051701381,8.18734575,7.931036677,8.388273166,8.221952336,7.297343602,7.752552195,9.29580568,9.104004576,8.927539842,8.440094011
Cameroon,6.539085427,6.430275329,5.936699966,5.421705259,5.31584029,5.638176434,5.50139723,5.091183432,5.020040786,4.997408063,4.860077438
"Congo, Dem. Rep.",23.73801,23.23101,22.89278,22.32833,21.79572,21.82662,21.134,21.0028,24.3179,23.55276,22.58516
"Congo, Rep.",2.569673817,2.580117691,3.170103178,2.86090714,2.899769003,3.081005571,3.085914092,3.972967339,4.386661302,4.350413008,4.078888254
Colombia,2.842356476,2.827878244,2.785625649,2.589646033,2.618370278,2.670256737,2.610023951,2.452509973,2.379313833,2.420419477,2.341951577
Comoros,4.850989749,4.68736194,5.016641369,4.123873605,4.210658515,4.591706246,4.943682757,4.612442588,4.644136613,4.972953151,4.663190839
Cabo Verde,3.034291464,3.529009427,3.48058172,3.226689688,2.849430349,3.152243408,3.162907242,3.344680587,2.840059439,2.804618555,2.69585812
Costa Rica,3.73352089,3.524806492,3.506011756,3.501223324,3.466639152,3.483155971,3.380725755,3.240789013,3.13274825,3.09942694,3.011811734
Caribbean small states,10.0741043,10.65445483,10.88222484,11.04673467,10.37995567,10.70294469,11.26501582,11.11329864,10.79059423,10.96076217,10.35851
Cuba,3.274524497,2.785878781,2.482029477,2.202804848,2.246373691,2.347202987,2.479070724,2.267412246,2.274504369,2.130060969,2.13362346
Cyprus,3.836012692,3.752852614,3.734778234,3.759394482,3.842810902,3.834268659,3.658630682,3.532757809,3.405302644,3.138913719,3.261150162
Czech Republic,7.762594438,7.205642547,6.899537591,6.543270817,6.224910189,6.129395811,6.311937448,5.968028048,5.996259897,5.934764748,5.733707062
Germany,4.576951194,4.511465998,4.47122845,4.099191676,4.099406678,4.068098366,4.115335557,3.773036713,3.771810715,3.831755977,3.640399424
Djibouti,5.102254389,5.041902069,4.815514166,4.902832008,4.92192603,4.537073015,4.760449471,4.306925124,4.415627485,4.3061946,4.126723088
Dominica,2.87242159,2.925587024,2.806986399,3.381522637,2.734151557,2.790448604,2.870921472,2.774198721,2.907823023,2.837565627,2.782690025
Denmark,3.503055506,3.324725293,3.435298787,3.325438477,3.256609903,3.27984728,3.418581904,3.122346966,3.001834531,3.05473534,2.65096504
Dominican Republic,3.550306432,3.532445384,3.304548277,3.098345545,3.012307377,2.928720175,2.84191879,2.814839304,2.896094163,2.605654016,2.41986981
Algeria,3.365929924,3.309822235,3.484977185,3.576547705,3.533948099,3.804011669,3.610867943,3.660624638,3.891393973,3.918351311,4.102356185
East Asia & Pacific (excluding high income),8.619069759,8.586903612,8.386408886,8.047458027,7.665913595,7.584868533,7.589582038,7.429322063,7.188632767,6.958247853,6.398838937
Early-demographic dividend,5.645248749,5.489215085,5.385561701,5.225844202,5.231605313,5.292993574,5.132037398,4.964961792,4.980574205,4.825989211,4.782383327
East Asia & Pacific,7.320311489,7.276847188,7.173504995,6.969393879,6.749393153,6.762272907,6.799792963,6.661748293,6.473408463,6.305822131,5.85918031
Europe & Central Asia (excluding high income),9.53192836,8.935194152,8.543403562,8.022962828,7.781190265,7.66313267,7.788992972,7.737747697,7.597336261,7.230323666,6.913633371
Europe & Central Asia,5.770650889,5.603273783,5.443255172,5.189250218,5.136159537,5.053716434,5.161317217,4.994255705,4.979396371,4.874422911,4.621241093
Ecuador,3.33635101,3.306643339,3.181268497,3.521907321,3.050588211,3.613218425,3.527957528,3.463383357,3.236580587,3.335297674,3.417907563
"Egypt, Arab Rep.",3.757478828,4.190676211,4.144380071,4.145413803,4.018762977,3.927917807,3.664708293,3.777364761,3.799718901,3.567258795,3.714344523
Euro area,4.53407945,4.467588466,4.336703728,4.137438235,4.109221313,4.068279129,4.128635043,3.90030868,3.899381491,3.88040513,3.686554749
Eritrea,4.93940932,4.934520932,4.539424853,4.622240519,4.820060099,4.965969665,4.987258784,4.705405031,4.808554763,4.868904124,4.741396717
Spain,4.143031769,4.078545405,3.911672736,3.823139888,3.656071351,3.48573642,3.482530245,3.461770102,3.548875061,3.367813648,3.308066631
Estonia,8.070110453,7.247801395,6.412805454,6.660014706,6.794021645,7.067713957,7.964254373,7.406647402,6.911668731,7.509976753,7.073665602
Ethiopia,29.97482643,27.46927338,25.5342218,23.62806956,21.97238829,20.75798563,18.96226638,17.63183002,16.69481066,15.62376818,14.67318586
European Union,4.683208935,4.596667882,4.456670782,4.241738036,4.194721948,4.132489503,4.209345924,3.975802323,3.963292828,3.908656597,3.696282363
Fragile and conflict affected situations,6.329222486,6.072689983,5.739906077,5.508518088,5.364585074,5.473026663,5.420702278,5.767531167,5.456898833,5.586436091,5.32882653
Finland,7.906339289,7.099144077,7.422568899,6.950301527,6.62889475,6.824643528,7.251961323,6.800210143,6.653857031,6.564407681,6.701320502
Fiji,4.492765217,3.749052938,3.98972704,3.704264337,3.187669035,2.596048325,3.274095295,3.240509144,3.039494006,3.265837364,3.116301518
France,4.990643234,4.932068645,4.740105419,4.577936356,4.589101947,4.52464753,4.577213349,4.315282989,4.316593164,4.310501534,4.082022916
"Micronesia, Fed. Sts.",6.202808415,5.026736652,5.198493318,5.908046668,5.348517825,7.148162551,5.009689911,5.298164982,5.772283719,6.241626255,6.844246204
Gabon,4.740728809,5.271025338,6.152547532,6.485774467,7.371457393,8.053718241,8.447934726,6.352233917,5.34823726,7.391749703,6.695885433
United Kingdom,4.293607104,4.188195306,4.012097379,3.769392992,3.728649409,3.668941727,3.740167958,3.400856793,3.465200612,3.352831074,3.068878182
Georgia,6.20393481,5.782747863,5.642128005,5.535444248,4.864959534,5.208925031,4.944773568,5.235154052,5.146379046,5.235502846,5.636552492
Ghana,4.812316897,4.504425408,4.510217058,4.32268464,3.960569358,4.09116712,4.135251167,3.870506404,3.832762752,3.736737437,3.568537794
Guinea,11.8883021,11.6386233,11.45952399,11.41549331,10.93426429,11.13288478,11.39719078,11.09359823,10.6059523,10.08693747,10.17288937
"Gambia, The",4.443709757,4.522825375,4.588159241,4.861571858,4.685441462,4.695579095,4.414635018,4.70337121,4.517920172,4.269259392,4.620075222
Guinea-Bissau,14.31154607,13.93980568,13.85516605,13.71235674,13.41132225,13.22512013,12.86771531,11.94989218,12.35507513,12.44855558,12.37991099
Equatorial Guinea,2.172172304,2.357526577,2.592111483,2.671073718,2.216483441,2.3966456,2.531548262,2.610374448,2.608902849,2.520594458,2.629228383
Greece,3.782051348,3.828394709,3.620715939,3.504792087,3.539770169,3.579140103,3.55173848,3.786016243,4.054509533,3.682004289,3.706200901
Grenada,2.946738828,2.741141673,2.95528185,2.949403193,3.033777152,3.259769268,3.399375923,3.247588899,3.491002731,3.843400945,2.954964831
Guatemala,4.085284431,3.977602381,3.833558879,3.874722473,3.595447327,4.105399396,4.345127368,4.460229835,4.400079514,4.615932374,4.862503158
Guyana,9.369257931,8.337296673,7.407478793,7.835031223,7.541920116,7.26669112,7.357599779,7.495791551,7.461092888,6.715872586,6.611909566
High income,5.646200626,5.511354497,5.360871854,5.24893322,5.185029397,5.138221139,5.179869596,4.971072321,4.891489174,4.846467488,4.710331321
"Hong Kong SAR, China",2.048273889,1.88708071,1.859511958,1.876231246,1.801209986,1.943826047,1.694160354,1.744748011,1.657751334,1.573636727,1.553685814
Honduras,6.404586457,6.312224416,5.755526535,6.364856756,6.05657653,5.947895977,5.871865338,6.269732057,6.097660115,6.018827044,6.014682578
Heavily indebted poor countries (HIPC),9.338375508,9.110085672,8.906180209,8.51927766,8.254986618,8.167569345,8.024144361,8.025618867,7.936291859,7.755448567,7.553684036
Croatia,4.855038633,4.730940985,4.489793043,4.439970167,4.241522531,4.428461852,4.450794166,4.356355101,4.191910278,4.148082602,3.946157917
Haiti,6.738715753,9.856399585,9.925120398,10.06307964,10.10727406,9.946923952,10.5830589,10.38126938,10.45566814,10.09329028,9.949935889
Hungary,5.088633893,5.15291929,4.923977291,4.795874844,4.709430756,4.729614175,4.855844503,4.631354943,4.434040025,4.16810402,4.21020415
IBRD only,7.060073951,6.949831972,6.789154415,6.544792712,6.398322706,6.390182617,6.368944108,6.278153254,6.182338255,6.018423248,5.733431313
IDA & IBRD total,7.141850923,7.015059477,6.843276782,6.597704093,6.44463488,6.414565581,6.383364982,6.299178399,6.201545658,6.031763194,5.75392335
IDA total,8.016891285,7.715130068,7.432859213,7.185405634,6.960570497,6.679621226,6.542331795,6.534024399,6.415592164,6.179238532,5.979022069
IDA blend,8.266884244,7.932018679,7.60799867,7.388703724,7.191045965,6.749855316,6.629982564,6.627986239,6.55201533,6.192668605,5.950170043
Indonesia,5.051965473,4.864494912,4.71929665,4.416816909,4.248701962,4.389533951,4.341845448,3.939386333,3.854676794,3.747057543,3.683529323
IDA only,7.73899288,7.47447299,7.239865759,6.96451738,6.715825522,6.604913114,6.449958394,6.434571402,6.273909888,6.165362879,6.009020005
India,6.181107871,5.877519466,5.661849048,5.507649299,5.56214241,5.646711932,5.353179242,5.232985711,5.199643316,4.98862544,4.960149499
Ireland,3.290750413,3.114495191,2.941423678,2.861884438,2.87863719,2.946759296,2.95338088,2.628518875,2.624374527,2.566207997,2.365128644
"Iran, Islamic Rep.",6.62441888,7.05480557,6.975376446,6.763739332,7.182003458,7.006062725,6.575472439,6.462903122,7.200446946,7.483547174,7.697669294
Iraq,3.877038994,3.76044654,3.221024158,3.232996963,3.235723012,3.751234999,4.014334115,4.083890153,4.005534617,4.044761112,4.027473423
Iceland,11.7267653,11.2443691,13.36544959,14.49758539,16.14138554,17.57097804,18.31942797,19.21794717,18.53985335,18.57423211,18.10574784
Israel,4.593989602,4.224246727,4.401184678,4.244156747,4.52607027,4.204085167,4.295716259,4.081016075,4.160312995,3.836932589,3.437751671
Italy,3.59250605,3.626716622,3.52295333,3.460545796,3.451213101,3.409493031,3.434370982,3.301290762,3.262783477,3.19857425,2.977931579
Jamaica,6.881761625,6.738327532,7.33732555,7.274781689,6.165598042,5.533341589,4.973365738,5.215398691,5.094756873,5.265142073,5.102949008
Jordan,5.60025606,5.55916156,5.27945554,5.133498504,4.694298097,4.69547415,4.370028733,4.238509138,4.587135286,4.3913486,4.508938447
Japan,5.09948122,5.015573334,4.924156378,4.775003253,4.642061272,4.683922823,4.735173465,4.403516578,4.233305855,4.206303722,3.871243964
Kazakhstan,9.227529063,8.426241752,9.19008024,9.078977499,9.291016324,8.341510652,8.465492713,8.835467076,8.068092383,8.418111193,7.871573916
Kenya,8.544197069,8.357140814,8.183793854,7.826120143,8.083107043,8.285733555,7.982760736,7.67933551,7.434618378,7.439852612,7.825663741
Kyrgyz Republic,8.680742782,8.806551555,8.406556578,9.030435924,8.910043045,7.90741368,7.583830734,8.605325934,10.75537558,9.261923153,9.211918332
Cambodia,6.149482838,5.504735264,4.959984332,4.564319609,4.291077532,6.243843086,6.145958082,6.005069752,5.833089741,5.603872057,5.585297471
Kiribati,3.887331249,5.451643002,6.538387346,4.705031687,4.697967262,3.358655597,5.381122905,5.109491718,5.014029112,4.928507776,4.828188332
St. Kitts and Nevis,3.712994375,3.183909726,2.643232316,2.723043113,2.608121676,2.831239698,2.958464873,3.003173683,2.986229609,2.830147672,2.68322602
"Korea, Rep.",7.372330976,7.160809661,6.920009393,6.822622321,6.780364142,6.796687102,6.95979785,6.993868536,6.915246122,6.729598558,6.625532809
Kuwait,5.061088418,5.17099675,4.696134105,4.534530935,4.837359424,5.694607968,5.956573241,5.484889043,5.908289304,5.486516843,4.96721337
Latin America & Caribbean (excluding high income),4.243626717,4.211100445,4.168971332,4.004179167,3.985930486,4.033387496,4.007357049,3.903423609,3.953719788,3.916147015,3.933471793
Lao PDR,4.644614757,4.379273514,4.090188236,3.523144725,3.31856197,3.147698386,3.000562984,2.711897001,2.511210608,2.504923029,2.302410416
Lebanon,4.65174291,4.319683706,4.042405154,3.256309249,3.836416569,4.258015956,3.782655791,3.689716181,4.079406396,3.986811073,4.150984189
Liberia,31.85299442,32.05714399,30.74067158,28.49988896,27.05837989,26.37286881,27.12554321,26.28782002,25.54638655,23.78882677,24.01874978
Libya,5.569019583,4.932272796,4.682348983,4.093714243,4.247514253,4.642232542,4.760499753,8.266362205,5.094316764,6.63325546,4.444336609
St. Lucia,3.044724798,3.144197443,2.93170797,3.017774732,3.017712622,2.949086038,3.140660876,3.166913052,3.185250487,3.172444545,3.186996993
Latin America & Caribbean,4.216129983,4.19566216,4.165868788,4.013057565,3.988396687,4.033692103,4.014881899,3.92063419,3.973172798,3.939072201,3.928328512
Least developed countries: UN classification,7.726859546,7.369935198,7.109286547,6.734115185,6.483587965,6.4346271,6.277292233,6.232929227,6.071571424,5.968872631,5.838806173
Low income,10.7756421,10.52700994,10.33047671,10.00448742,9.737292564,9.56405814,9.265226428,9.264618828,8.996540039,8.93385619,8.665786838
Sri Lanka,3.094984111,2.980244868,2.793170686,2.666630398,2.477236029,2.374575955,2.367308302,2.344412783,2.311631786,1.992981783,2.032837842
Lower middle income,6.374202151,6.1320045,5.872083233,5.657394885,5.55163498,5.476213629,5.353962283,5.20092472,5.125482718,4.901493652,4.825117413
Low & middle income,7.1907203,7.060919369,6.883996597,6.639048525,6.485732633,6.459300242,6.422623866,6.340119817,6.242615637,6.06869176,5.793598527
Lesotho,13.49473036,13.42740949,13.09625902,12.78250387,12.36697909,12.41286458,11.67131848,12.07073859,11.75175932,11.34436226,11.01950053
Late-demographic dividend,7.909624251,7.826993863,7.664259041,7.363769812,7.121853011,7.072505088,7.14621914,7.078340709,6.932938163,6.75800757,6.337002216
Lithuania,6.972515232,6.101136095,5.597202757,5.466948489,5.360110124,5.793944295,4.5847933,4.480834517,4.357575061,3.976445246,3.807436433
Luxembourg,4.561219639,4.506994061,4.237457238,3.79838194,3.827913114,3.804985032,3.841121383,3.703670049,3.667378681,3.405800999,3.066832919
Latvia,5.331232459,4.913404835,4.546775384,4.229568421,4.195252999,4.702272057,5.002475754,4.4484005,4.436847648,4.232520549,4.093339923
"Macao SAR, China",0.896604228,0.906361767,0.785525683,0.724593148,0.70486977,0.928279753,0.627767843,0.52717772,0.485015532,0.42617506,0.460209318
Morocco,3.653671697,3.744183227,3.539464883,3.525997168,3.456451688,3.339646431,3.374575639,3.454894106,3.401319094,3.261647711,3.238855529
Moldova,12.73782682,12.2731303,11.55442284,10.90799714,10.08462699,10.18896347,10.50291246,9.714365097,9.679293038,7.952416183,8.160677826
Madagascar,5.162159869,4.999524956,5.422232212,5.148810421,4.882795071,5.060137377,5.132306232,5.168182023,5.147064869,5.287495287,5.184313328
Maldives,3.421419372,3.401718765,3.545307864,3.287738374,3.134119421,3.489363062,3.471744021,3.376600197,3.706264321,3.499693491,3.993509568
Middle East & North Africa,5.053285724,5.107491037,5.099749186,5.028621401,5.150893573,5.230205995,5.200818397,5.087831017,5.300616132,5.235155335,5.328668233
Mexico,4.351927906,4.514288612,4.399624281,4.235196027,4.134225589,4.343612431,4.014699645,4.05413062,4.069257837,4.023403469,3.853119994
Marshall Islands,7.249496861,6.993927393,7.257500845,7.462493555,7.622867372,8.023942624,7.913012814,7.90094498,7.552229453,7.512536609,7.451780882
Middle income,7.126446205,6.999139781,6.823935159,6.581519212,6.429888572,6.404683155,6.372738222,6.289963753,6.194611709,6.018331543,5.74266792
North Macedonia,6.230906084,6.067455562,6.042382421,5.854741073,5.542358215,5.184303354,5.130131501,5.433896737,5.178964422,4.588799704,4.409418143
Mali,4.023830262,3.690895251,3.349610787,3.178734063,2.954373808,2.543588958,2.372552501,2.26255638,2.036352241,1.91032018,1.963952595
Malta,3.493672569,3.579703983,3.312450816,3.344030041,3.069729048,2.938639471,3.019065986,2.961812535,3.09999381,2.635489881,2.345127015
Myanmar,6.430811778,5.681673635,5.095789891,4.72105407,4.127916551,3.537592784,3.145272902,3.04307506,3.098959252,3.032456809,3.129920458
Middle East & North Africa (excluding high income),4.890222151,5.070820833,4.967847078,4.87720901,4.965993016,4.968892746,4.763956654,4.828801469,4.975087191,5.055580999,5.120308493
Mongolia,7.643431527,8.209126524,8.603595449,8.175086161,7.535475914,7.929096405,7.893597025,7.363413396,7.253585304,7.159225349,6.662648223
Mozambique,24.54058303,22.87961973,21.44989308,20.82487292,19.86292541,19.36636543,18.75935541,18.21704981,17.31163404,16.73498856,16.58230074
Mauritania,4.001943372,3.801568997,3.212152822,3.407829789,3.571403186,3.885639151,3.731219738,3.763475869,3.817941002,3.616923664,3.503129258
Mauritius,3.040771819,3.106483757,3.195436178,3.034689818,2.942751105,2.786095892,2.827583558,2.726222714,2.684336425,2.672904649,2.548934892
Malawi,8.488498223,8.183300986,7.822725048,7.301704054,7.065862275,6.482832664,6.271789788,6.044927063,5.955914623,5.732896649,5.461409106
Malaysia,5.606139575,5.773252588,5.497885714,5.66366856,5.647571009,5.448617469,5.177757105,5.127517271,4.946775677,5.327624792,5.134960719
North America,6.952390812,6.762962493,6.525624879,6.521594922,6.389114807,6.256229844,6.232456144,6.082089801,5.863594325,5.842329536,5.792205253
Namibia,3.558592461,3.761931019,3.519654335,3.397285048,3.524764722,3.577712102,3.503205886,3.441585689,3.394559963,3.390197626,3.311005557
Niger,7.221663026,6.984905724,6.770539959,6.867589654,6.561536839,7.006200142,6.978533877,5.924097203,6.230624379,7.456991849,7.074701702
Nigeria,7.611846752,7.648128982,7.126335774,6.906087994,6.691512112,6.158266266,6.145782085,6.197448376,6.259697982,5.959203637,5.628943913
Nicaragua,6.025801781,5.872108459,5.58537852,5.393022806,5.302046819,5.484518759,5.360268437,5.220408591,5.313345294,5.442103222,5.245786443
Netherlands,4.953732889,4.768179223,4.554004701,4.386657031,4.276487633,4.350821203,4.589628585,4.184879854,4.254015822,4.245298958,3.964626966
Norway,3.872845281,3.821573586,3.782501584,3.731163171,4.335181654,4.285106169,4.612485002,3.770386679,3.886798886,4.231432427,3.579962265
Nepal,8.860626247,8.852740494,8.563978075,8.442045255,8.234679016,8.110632629,7.965681556,7.972062153,7.272665998,7.765712652,7.603696352
New Zealand,5.655760862,5.34330434,5.193703491,5.105401788,5.253548488,5.322621074,5.507306318,5.342508053,5.455091058,5.414810989,5.519838785
OECD members,5.602621895,5.484903286,5.325210253,5.214503676,5.134569552,5.090219717,5.106175152,4.914185651,4.819015939,4.780566899,4.605149428
Oman,3.630645605,3.983995168,5.889782058,6.467200897,5.28671552,5.034144968,5.684675392,6.759226652,6.788109055,6.742517869,6.383538199
Other small states,6.247875345,6.152754664,6.189811259,6.117457865,5.93935716,5.80640646,5.77134795,5.615097226,5.826649147,5.959939238,6.107895441
Pakistan,5.384772911,5.185951566,5.088104961,5.113627278,4.943676274,4.879831569,4.872116267,4.777466011,4.668987546,4.582161552,4.536274806
Panama,3.04942992,3.172606793,3.123461778,2.651243362,2.447221283,2.658376928,2.689571496,2.610214691,2.467252484,2.2733083,2.273620638
Peru,2.755772784,2.747871861,2.481283283,2.474028161,2.377460739,2.466501686,2.693450247,2.575378852,2.61583612,2.461884199,2.782416771
Philippines,4.127130576,3.94546368,3.721485085,3.497537436,3.484792366,3.280424981,3.224238439,3.13116203,3.121773525,3.019861074,3.034443781
Palau,12.20128033,12.45609504,12.88166887,12.73981878,13.12819827,14.0538947,13.87617425,13.27263555,12.70491173,13.26227754,12.9859978
Papua New Guinea,11.74550297,11.36402051,11.27651686,13.17353385,10.98175073,10.65684195,9.495244539,9.06495556,8.15835338,8.523495984,7.942183629
Poland,6.084547668,5.950203906,5.884537714,5.465546823,5.337846448,5.005002724,5.151667136,4.93306577,4.698252972,4.6351435,4.254309584
Pre-demographic dividend,7.212032127,7.03427313,6.631771654,6.397030956,6.213480938,6.138035259,6.143144431,6.189435696,6.108394619,5.956711415,5.819319972
Puerto Rico,0.170965525,0.169998913,0.178640384,0.192605111,0.214153321,0.20643076,0.214270628,0.213593375,0.39416522,0.457345506,0.490594393
Portugal,3.878131314,3.943466025,3.691442954,3.627036528,3.526733381,3.586701625,3.397078909,3.364036468,3.289445383,3.339425067,3.274580852
Paraguay,4.826751188,4.674085907,4.595576815,4.517993609,4.45191088,4.696388975,4.446808186,4.322021541,4.485031816,3.888625459,3.884101393
West Bank and Gaza,3.664472315,3.864562054,3.589805055,3.783261767,3.966954,3.352303805,3.375634007,3.430629109,2.959543954,3.245115158,3.700452733
Pacific island small states,4.890205256,4.385422352,4.546827261,4.408765442,4.042238787,3.844709777,4.150129431,4.014843596,3.853593823,4.004792921,3.944471105
Post-demographic dividend,5.818992495,5.677456302,5.496940871,5.379592969,5.294488627,5.224712116,5.264017886,5.059203921,4.950157605,4.906915903,4.755964635
Qatar,7.802981605,7.259404548,6.763879767,6.477608631,5.656750005,5.383261471,5.134314101,5.126774281,5.950003528,6.026019093,6.475978234
Romania,5.544443478,5.309763886,5.085161695,4.737413918,4.351854865,4.122855639,4.173795061,4.221597868,4.09292985,3.609106831,3.483
Russian Federation,10.39552561,9.837512177,9.36060693,8.649154521,8.411842442,8.575950454,8.731413434,8.781517477,8.695251466,8.456537082,8.345606024
Rwanda,6.237605348,7.690741492,7.238750248,6.982383651,6.510358138,6.342632928,6.142846261,5.936161461,5.691382477,5.632372999,5.337639351
South Asia,5.857251382,5.589397541,5.404440445,5.276886513,5.291267474,5.355625488,5.130789892,5.022320576,4.966511175,4.777865758,4.750241606
Saudi Arabia,5.602506547,5.343217062,5.608051282,5.46733384,5.625223189,5.880699195,6.248226565,5.456653613,5.823954147,5.441253121,5.809792569
Sudan,6.250974714,5.924198673,5.781517441,5.013360414,4.72534466,4.734527711,4.67527841,4.75433506,4.179895352,4.133582426,3.96863328
Senegal,5.079169671,4.906138102,4.800468318,4.907960328,4.9413184,5.786055169,5.66028068,5.889993989,5.596656789,4.987345539,5.056820743
Singapore,5.235130816,3.420339644,3.37547957,2.865465217,3.233667825,2.802426663,2.910626213,2.833207416,2.706392067,2.618099836,2.4848573
Solomon Islands,7.857591687,7.453521864,7.024490124,6.688854291,6.326339213,6.762542585,6.391114584,5.693211123,5.466942238,5.358363623,5.32672044
Sierra Leone,10.11860971,9.512530569,9.39427261,8.584747353,8.190858191,7.875472027,7.624164664,7.502895182,6.721948657,5.819404251,5.725464982
El Salvador,4.529658524,4.499840063,4.54802606,4.143441435,4.108753688,3.972825202,3.954198053,3.90581408,3.774725107,3.498971442,3.516454456
Somalia,41.94011899,41.89977318,42.38316824,42.10351796,42.87839846,43.15567078,43.35269543,42.89679146,41.93560631,40.87307325,40.06923885
Serbia,10.16757897,8.555727345,8.654739695,7.954323183,7.65701451,7.116223981,7.28756047,7.451384441,6.764597061,6.759756249,5.936982935
Sub-Saharan Africa (excluding high income),9.127133038,8.83585288,8.43020644,8.203023856,8.098495952,7.910583621,7.728645481,7.614379566,7.480862517,7.284267603,7.118870752
Sub-Saharan Africa,9.126174096,8.834278948,8.428736018,8.200707657,8.096769433,7.908226974,7.725810088,7.610885976,7.477900752,7.281188778,7.116203338
Small states,6.968077957,6.96984825,7.023268434,6.952554749,6.649748785,6.553446012,6.571158975,6.372049117,6.48757864,6.615247617,6.645426923
Sao Tome and Principe,5.910490395,5.727733691,5.377780461,5.239334801,5.070033,5.042714917,5.083857066,4.973824767,4.997054975,4.813190921,4.606869765
Suriname,3.955738419,4.334267467,3.967095403,3.570884071,3.621668119,3.530472285,3.994563097,3.696270101,4.001410974,3.453289389,3.44134072
Slovak Republic,7.807542242,7.528354487,6.870147029,5.934372735,5.765998043,5.572801855,5.650174788,5.346653255,5.056722544,5.072218552,4.524089445
Slovenia,5.817750927,5.720648914,5.436401021,5.089031448,5.211418468,5.197434509,5.278509458,5.239077827,5.179064312,5.099105199,4.745000232
Sweden,6.087581909,5.805964633,5.399464197,5.206357479,5.18758724,5.008551656,5.297651892,5.052453967,5.099592903,4.961405777,4.713804978
Eswatini,5.044134111,4.979183879,5.461796541,5.390078091,5.362866371,5.148108953,4.799613646,4.698757337,4.868285401,4.885390941,4.995411386
Seychelles,7.688655388,6.534532185,6.343110985,5.026751775,5.545054363,4.263069482,3.34425546,2.369722555,2.870490545,2.524878058,2.978451629
Syrian Arab Republic,7.464317487,8.45143951,8.369588882,8.290465842,8.096375232,7.111935152,6.929305357,6.791599559,6.531657245,6.799311288,4.449796296
Chad,4.176567825,3.645844759,3.681716453,3.661664897,3.644778802,3.538281625,3.176705608,3.228463223,3.014008003,2.925606744,2.787178174
East Asia & Pacific (IDA & IBRD countries),8.619163792,8.587000184,8.386508959,8.047552744,7.66600979,7.584967961,7.589670457,7.429401674,7.188704006,6.958322796,6.398915575
Europe & Central Asia (IDA & IBRD countries),9.08812141,8.560369194,8.211572144,7.711110541,7.483816679,7.326074156,7.458439145,7.392052204,7.248347789,6.924407044,6.598920251
Togo,14.69422739,14.80194331,14.19571922,14.40676443,14.69323307,17.26495194,16.59950038,15.91775064,15.13636209,14.94961113,14.62049829
Thailand,5.570389185,5.496961683,5.339981522,5.279345045,5.331175734,5.350945147,5.445867154,5.394456439,5.393804303,5.648072775,5.556494468
Tajikistan,8.953175961,8.374768261,8.070238782,8.001229914,7.056002431,5.907002154,5.660050366,5.285139714,5.287200489,5.456601129,5.064901788
Turkmenistan,28.22021169,25.99575418,23.99271781,24.61682156,21.71572452,17.97276469,18.77808987,17.81071504,16.5886461,15.44656156,14.29510486
Latin America & the Caribbean (IDA & IBRD countries),4.306532533,4.280202513,4.244590961,4.083495966,4.053962856,4.099567515,4.076574376,3.977428248,4.026520534,3.987705297,3.976287744
Timor-Leste,3.033619397,2.817059441,2.978554162,2.696044741,2.488719576,2.364125717,2.203459948,2.050604853,2.185880299,2.986467106,3.000131026
Middle East & North Africa (IDA & IBRD countries),4.894801017,5.07559865,4.972814162,4.881169874,4.969694839,4.975238049,4.769553454,4.835175583,4.98461481,5.064177324,5.12688929
Tonga,3.351212047,3.292429766,3.811640028,3.565032255,3.695193258,3.953113751,3.240054224,2.92398593,2.936032814,3.142898987,3.071825441
South Asia (IDA & IBRD),5.857251382,5.589397541,5.404440445,5.276886513,5.291267474,5.355625488,5.130789892,5.022320576,4.966511175,4.777865758,4.750241606
Sub-Saharan Africa (IDA & IBRD countries),9.126174096,8.834278948,8.428736018,8.200707657,8.096769433,7.908226974,7.725810088,7.610885976,7.477900752,7.281188778,7.116203338
Trinidad and Tobago,18.40117094,19.89218648,19.60547194,19.90618103,18.69336603,19.76426913,21.14781169,20.80576672,20.00995059,20.02806129,19.14162488
Tunisia,4.103449927,3.895712242,3.896280018,3.77106099,3.773093025,3.557133105,3.858235849,3.772448519,3.797497811,3.773198668,3.701350884
Turkey,3.563843506,3.429587227,3.54905088,3.640029131,3.569576732,3.715613497,3.712574842,3.63227762,3.704419724,3.516697511,2.947927628
Tuvalu,4.030406203,4.235564912,3.296520769,5.299913025,3.181727893,4.305032709,3.879433531,2.733972094,3.691469777,3.644161721,3.697789024
Tanzania,10.70359103,10.36145509,10.25642697,9.790477984,9.587262538,9.353187889,9.243744447,9.05592876,9.140973101,8.830209671,8.535183879
Uganda,11.1099865,10.74983381,9.918727367,9.408772604,8.820028535,8.411174454,8.250219636,7.881195548,7.51215179,7.458218532,7.029147697
Ukraine,18.07500645,17.4810192,15.65970025,14.72621393,13.9085926,13.88692618,15.40908556,13.99796852,13.52353475,12.82020066,12.48534484
Upper middle income,7.458371235,7.379388198,7.235950059,6.973874825,6.797539989,6.806120338,6.810002691,6.751727983,6.647296795,6.493851185,6.138978135
Uruguay,2.991304068,2.869143917,2.966368082,2.769253157,3.389951444,3.233901068,2.968541153,3.051631606,3.093431262,2.9340066,2.893944677
United States,6.790206059,6.60173784,6.369407404,6.367571447,6.22245169,6.084563271,6.072479221,5.90983675,5.692995246,5.676035631,5.621145713
Uzbekistan,28.70755696,24.86695533,23.67541373,21.38973838,20.45035415,16.79897753,15.1342064,15.31272439,14.47049542,11.89074847,11.0696613
St. Vincent and the Grenadines,3.360904372,3.292931146,3.054432931,3.163946584,2.958930247,4.112077954,3.099371669,2.829422005,3.457708801,2.821856744,2.832899125
"Venezuela, RB",6.508616641,5.887951373,5.963233613,5.077350642,5.393728661,5.583818193,6.309634806,5.622954348,5.787998504,5.375262887,5.473513518
Vietnam,6.110961321,6.015164338,5.761763366,5.787206437,5.856437101,6.062415006,6.324391502,5.96740525,5.744260291,5.618759203,5.745538499
Vanuatu,3.288395518,3.122981174,2.699438263,3.755814378,3.510943283,3.894686011,3.872881022,3.992673663,3.690775035,3.498374681,4.298013877
World,6.305345573,6.187664487,6.042302934,5.889136054,5.799533542,5.782265458,5.798684315,5.664879111,5.588808811,5.488318282,5.286068141
Samoa,3.998078632,3.956995155,4.060621736,4.050102323,4.149476612,4.453687201,4.530639953,4.042536665,4.057464707,4.310660786,4.259010114
Kosovo,7.768329516,7.110759732,6.875895816,6.664648405,7.034548352,7.48019001,7.420870162,7.187143875,6.548576806,6.30273267,6.618476
"Yemen, Rep.",3.160727174,3.188304185,3.308474124,3.133247016,3.176675993,3.380211121,3.165451002,3.16117742,2.790347224,3.693556511,3.21140525
South Africa,10.74144051,10.18657076,9.577976732,9.734271414,10.16110187,10.11661757,9.668689554,9.334996541,9.004638752,8.837324134,9.033627494
Zambia,10.75820604,10.36988546,9.839454201,9.104243165,8.751486367,8.232028169,7.765465643,7.756047284,7.576244229,7.468400569,7.398638071
Zimbabwe,16.84627152,18.75025862,20.01010225,20.51115194,23.35813156,22.4607072,20.71308,19.71977119,18.43724649,18.15296658,15.74958139
